Name,Address,Prices Available,Rating,Profile Link
Dr. Müller Leafs,"Obere Königsstraße 21, 34117, Kassel",No,N/A,https://www.weed.de/apotheke/dr-mueller-leafs
Cannibo (Bahnhof Apotheke),"Poststraße 21, 53111, Bonn",No,N/A,https://www.weed.de/apotheke/cannibo
Schloss Apotheke / svapo.de,"Bürgeler Straße 35, 63075, Offenbach am Main",No,N/A,https://www.weed.de/apotheke/schloss-apotheke
Cannacompany (Apotheke zur Alten Post),"Friedrich-Breuer-Straße 62, 53225, Bonn",No,N/A,https://www.weed.de/apotheke/apotheke-zur-alten-post
Dragonweed - Herzog Apotheke,"Gelderstraße 28, 47608, Geldern",No,N/A,https://www.weed.de/apotheke/dragonweed-herzog-apotheke
Die Hanfapotheke,"Wessenbergstraße 28, 78462, Konstanz",No,N/A,https://www.weed.de/apotheke/die-hanfapotheke
Apotheke im Hauptbahnhof,"Bahnhofsvorplatz 10, 45879, Gelsenkirchen",No,N/A,https://www.weed.de/apotheke/apotheke-im-hauptbahnhof
pharmaphant Apotheke am Hechinger Eck,"Hechinger Straße 70, 72072, Tübingen",No,N/A,https://www.weed.de/apotheke/pharmaphant-apotheke
Gloria Cannabis Apotheke Hanau,"Nußallee 7e, 63450, Hanau",No,N/A,https://www.weed.de/apotheke/gloria-cannabis-apotheke-hanau
Merkur Apotheke,"90459 Nürnberg, Deutschland, 90459, Nürnberg",No,N/A,https://www.weed.de/apotheke/merkur-apotheke
Hermanns Green / Online Apotheke,"Berlin, Deutschland, Berlin",No,N/A,https://www.weed.de/apotheke/apotheke-am-hermannplatz
Cannabis Apotheke Frankfurt/Kissel-Apotheke,"Mörfelder Landstraße 235, 60598, Frankfurt am Main",No,N/A,https://www.weed.de/apotheke/cannabis-apotheke-frankfurtkissel-apotheke
Allgäu-Cannabis / Burg-Apotheke,"Kronenstraße 11, 87435, Kempten (Allgäu)",No,N/A,https://www.weed.de/apotheke/burg-apotheke-1
Kurpfalz-Apotheke,"G3 6, 68159, Mannheim",No,N/A,https://www.weed.de/apotheke/kurpfalz-apotheke
Ludgeri Apotheke,"Windthorststraße 65, 48143, Münster",No,N/A,https://www.weed.de/apotheke/ludgeri-apotheke
Apocannabis24.de,"Recklinghausen, Recklinghausen, Nordrhein-Westfalen, Deutschland, 45, Recklinghausen",No,N/A,https://www.weed.de/apotheke/apocannabis24de
Cannabis Nordost Apotheke,"Nürnberg, Deutschland, 90, Nürnberg",No,N/A,https://www.weed.de/apotheke/cannabis-nordost-apotheke
Stern Apotheke Heidelberg,"Römerstraße 1, 69115, Heidelberg",No,N/A,https://www.weed.de/apotheke/stern-apotheke-heidelberg
Friesen Apotheke Karlsruhe,"Durlacher Allee 111, 76137, Karlsruhe",No,N/A,https://www.weed.de/apotheke/friesen-apotheke-karlsruhe
420 Flowers,"59320 Ennigerloh, Deutschland, 59320, Ennigerloh",No,N/A,https://www.weed.de/apotheke/apotheke-hake
Hanfbahnhof,"Bayerstraße 27, 80335, München",No,N/A,https://www.weed.de/apotheke/internationale-hauptbahnhof-apotheke
OPTYMED Apotheke Schlossberg,"Kuglmoosstraße 3A, 83071, Stephanskirchen",No,N/A,https://www.weed.de/apotheke/optymed-apotheke-schlossberg
5K Goethe Apotheke,"Frankfurt am Main, Deutschland, Frankfurt am Main",No,N/A,https://www.weed.de/apotheke/5k-goethe-apotheke
KrautKurier (Linden Apotheke),"Kirchlinde, Dortmund, Deutschland, 44379, Dortmund",No,N/A,https://www.weed.de/apotheke/linden-apotheke
420unicorn.de,"Untere Königsstraße 73-75, 34117, Kassel",No,N/A,https://www.weed.de/apotheke/42unicornde
Sophie Green,"Sophienplatz 25, 49716, Meppen",No,N/A,https://www.weed.de/apotheke/sophie-green
Cannabis Vital Apotheke (Rosen Apotheke im Center Hattersheim),"Untertorstraße 13, 65795, Hattersheim am Main",No,N/A,https://www.weed.de/apotheke/cannabis-vital-apotheke
cannalu.de,"Bahnhofstraße 30, 99438, Bad Berka",No,N/A,https://www.weed.de/apotheke/cannalu
AngelWeed Engel Apotheke Bramer Apotheken OHG,"Hauptstraße 36, 41372, Niederkrüchten",No,N/A,https://www.weed.de/apotheke/angelweed-engel-apotheke-bramer-apotheken-ohg
PHARMACALI.com,"Regensburger Straße 77, 93083, Obertraubling",No,N/A,https://www.weed.de/apotheke/pharmcali
Grüne Wirkstoffe (Anthemis Apotheke),"Münchener Straße 36, 91567, Herrieden",No,N/A,https://www.weed.de/apotheke/gruene-wirkstoffe-anthemis-apotheke
Wehling von Buttlar Apotheke,"Kronberger Straße 11, 63110, Rodgau",No,N/A,https://www.weed.de/apotheke/wehling-von-buttlar-apotheke
Blaue Blüten (Blaue Apotheke e.K.),"Alte Straße 69, 94034, Passau",No,N/A,https://www.weed.de/apotheke/blaue-blueten-blaue-apotheke-ek
Stachus-Apotheke,"Karlsplatz 4, 80335, München",No,N/A,Not available (not a partner)
GRÜNHORN - Apotheke im P. C.,"Permoserstraße 19, 04318, Leipzig",No,N/A,https://www.weed.de/apotheke/gruenhorn-apotheke
PharmaBlüte,"Daniel-Brendel-Straße 2, 55127, Mainz",No,N/A,https://www.weed.de/apotheke/pharmablute
Canpi - Cannabis Pilot - Online Apotheke,"Tempelhofer Damm 139, 12099, Berlin",No,N/A,https://www.weed.de/apotheke/pelikan-apotheke
Kleeblatt Apotheke am Ostwall (MyWeed24.de),"Ostwall 165, 47799, Krefeld",No,N/A,https://www.weed.de/apotheke/kleeblatt-apotheke-am-ostwall
420brokkoli,"Auenhauser Weg 5, 33100, Paderborn",No,N/A,https://www.weed.de/apotheke/420brokkoli
GRAFENBERGER APOTHEKE,"Grafenberger Allee 409, 40235, Düsseldorf",No,N/A,https://www.weed.de/apotheke/grafenberger-apotheke
Christophorus Apotheke,"Lehemeirstraße 2, 83308, Trostberg",No,N/A,https://www.weed.de/apotheke/christophorus-apotheke
Cannabis Apotheke Essen (Glocken Apotheke),"Essenbach, Deutschland, 84051, Essenbach",No,N/A,https://www.weed.de/apotheke/cannabis-apotheke-essen-glocken-apotheke
Cannabis Apotheke Bayern,"Schrammstraße 5, 97421, Schweinfurt",No,N/A,https://www.weed.de/apotheke/cannabis-apotheke-bayern-1
Hanauer Cannabis Apotheke | Buchen-Apotheke,"Hanau, Deutschland, 63, Hanau",No,N/A,https://www.weed.de/apotheke/buchen-apotheke
CannaQuell,"Dreherstraße 116, 40625, Düsseldorf",No,N/A,https://www.weed.de/apotheke/cannaquell-ein-service-der-apotheke-am-quellenbusch
MYCANNABIS 360Grad-Apotheke,"Bonner Straße 237, 40589, Düsseldorf",No,N/A,https://www.weed.de/apotheke/mycannabis
EasyCannabis easyApotheke CityLebenstedt,"In den Blumentriften 2, 38226, Salzgitter",No,N/A,https://www.weed.de/apotheke/easycannabis-easyapotheke-citylebenstedt
Lionsherb.de,"Solinger Straße 201, 40764, Langenfeld (Rheinland)",No,N/A,https://www.weed.de/apotheke/lionsherbde
ABC Apotheke am Werth,"Werth, 53, 42275, Wuppertal",No,N/A,https://www.weed.de/apotheke/abc-apotheke-am-werth
Marienhuana Apotheke,"Marienstraße 43, 76137, Karlsruhe",No,N/A,https://www.weed.de/apotheke/marienhuana-apotheke
jiroo,"Mariendorfer Damm 165, 12107, Berlin",No,N/A,https://www.weed.de/apotheke/jiroo
Santa Green,"Meppener Straße 120, 49744, Geeste",No,N/A,https://www.weed.de/apotheke/santa-green
Florians Vital Apotheke,"Alleenstraße 32, 73730, Esslingen am Neckar",No,N/A,https://www.weed.de/apotheke/florians-vital-apotheke
Herbery,"Breite Straße, 13, 14199, Berlin",No,N/A,https://www.weed.de/apotheke/herbery
Medflower Collini-Apotheke,"Collinistraße 11, 68161, Mannheim",No,N/A,https://www.weed.de/apotheke/cannflos-apo
Cannabis Apotheke Rheinland,"Bergstraße 2, 53474, Bad Neuenahr-Ahrweiler",No,N/A,https://www.weed.de/apotheke/cannabis-apotheke-rheinland
Helios Cannabis,"Brienner Str. 49, 80333, München",No,N/A,https://www.weed.de/apotheke/helios-cannabis
Cannaplus Apotheke,"Bleicherbreite 21, 86154, Augsburg",No,N/A,https://www.weed.de/apotheke/cannaplus-apotheke
3Königen Apotheke,"Ostwall 97, 47799, Krefeld",No,N/A,https://www.weed.de/apotheke/3koenigen-apotheke
ErzCannabis - Merkur Apotheke Schneeberg,"Seminarstraße 43, 08289, Schneeberg",No,N/A,https://www.weed.de/apotheke/merkur-apotheke-schneeberg
Bahnhof Apotheke,"Humboldtstraße 8, 41061, Mönchengladbach",No,N/A,https://www.weed.de/apotheke/bahnhof-apotheke-2
Apotheke Ratekau,"Bäderstraße 24, 23626, Ratekau",No,N/A,https://www.weed.de/apotheke/apotheke-ratekau
Marien Apotheke,"Waagestraße 1, 17033, Neubrandenburg",No,N/A,https://www.weed.de/apotheke/marien-apotheke-1
Dr. Linz'sche Apotheke,"Tübingen, Deutschland, 72, Tübingen",No,N/A,https://www.weed.de/apotheke/dr-linzsche-apotheke
Avie Walburga Apotheke,"Soester Str. 26, 59457, Werl",No,N/A,https://www.weed.de/apotheke/avie-walburga-apotheke
Apotheke am Bebelplatz,"Bebelplatz, 24146, Kiel",No,N/A,https://www.weed.de/apotheke/apotheke-am-bebelplatz
Collini Apotheke,"Mannheim, Deutschland, 68, Mannheim",No,N/A,https://www.weed.de/apotheke/collini-apotheke-mannheim
Apotheke im Forum,"Bahnhofplatz 6, 90762, Fürth",No,N/A,https://www.weed.de/apotheke/hirsch-apotheke
Kosmas-Apotheke oHG,"Clemens-August-Platz 12, 48167, Münster",No,N/A,https://www.weed.de/apotheke/kosmas-apotheke-ohg
Spindel-Apotheke / CannVita.de,"Spindelstraße 68, 33604, Bielefeld",No,N/A,https://www.weed.de/apotheke/spindel-apotheke
Brokkoli Apotheke,"Friedrichstraße 17, 40217, Düsseldorf",No,N/A,https://www.weed.de/apotheke/brokkoli-apotheke
Alle Farben Apotheke,"Plettenberger Straße 26, 49324, Melle",No,N/A,https://www.weed.de/apotheke/alle-farben-apotheke
Apotheke im Niedersachsenhaus,"Heimfelder Straße 42, 21075, Hamburg",No,N/A,https://www.weed.de/apotheke/apotheke-im-niedersachsenhaus
Kohlmanns Markt-Apotheke,"96332 Pressig, Deutschland, 96332, Pressig",No,N/A,https://www.weed.de/apotheke/kohlmanns-markt-apotheke
Oberländer Apotheke,"Daiserstraße 27, 81371, München",No,N/A,https://www.weed.de/apotheke/oberlaender-apotheke
Stadt Apotheke Gengenbach,"Hauptstraße 21, 77723, Gengenbach",No,N/A,https://www.weed.de/apotheke/stadtapotheke-gengenbach
Apocando.de - Kur-Apotheke,"Parkstraße 9, 59556, Lippstadt",No,N/A,https://www.weed.de/apotheke/apocandode-kur-apotheke
Markenbildchen Apotheke,"Markenbildchenweg 6, 56068, Koblenz",No,N/A,https://www.weed.de/apotheke/markenbildchen-apotheke
Lender Apotheke,"Hauptstraße 19, 77880, Sasbach",No,N/A,https://www.weed.de/apotheke/lender-apotheke
Schwaben Cannabis / Engel-Apotheke,"Maximilianstraße 55, 87719, Mindelheim",No,N/A,https://www.weed.de/apotheke/schwaben-cannabis-engel-apotheke
Pestalozzi Apotheke,"Hauptstraße 29, 79540, Lörrach",No,N/A,https://www.weed.de/apotheke/pestalozzi-apotheke
CannabisFürMich,"Fliederstraße 46, 84032, Landshut",No,N/A,https://www.weed.de/apotheke/cannabisfuermich
Behring Apotheke,"Behringstraße 1, 41464, Neuss",No,N/A,https://www.weed.de/apotheke/behring-apotheke
easyApotheke Bayreuth-Süd,"Leuschnerstraße 53, 95447, Bayreuth",No,N/A,https://www.weed.de/apotheke/easyapotheke-bayreuth-sued
Weinbrennerapotheke,"Gabelsbergerstraße 19, 76135, Karlsruhe",No,N/A,https://www.weed.de/apotheke/weinbrennerapotheke
Vital Apotheke,"Am Krekel 51, 35039, Marburg",No,N/A,https://www.weed.de/apotheke/vital-apotheke
Apotheke am Storchenturm,"Marktstraße 40, 77933, Lahr/Schwarzwald",No,N/A,https://www.weed.de/apotheke/apotheke-am-storchenturm
Blütenrhein.de Rhein Apotheke,"Germersheim, Deutschland, Germersheim",No,N/A,https://www.weed.de/apotheke/bluetenrheinde-rhein-apotheke
Jasmin Apotheke,"Lortzingstraße 42, 13355, Berlin",No,N/A,https://www.weed.de/apotheke/jasmin-apotheke
Sophien Apotheke,"Sophienstraße 4, 76530, Baden-Baden",No,N/A,https://www.weed.de/apotheke/sophien-apotheke
Cannatree.de - Rats-Apotheke Düsseldorf,"Gräulinger Straße 3, 40625, Düsseldorf",No,N/A,https://www.weed.de/apotheke/cannatreede-rats-apotheke-duesseldorf
Park-Apotheke Stuttgart,"Waldburgstraße 23, 70565, Stuttgart",No,N/A,https://www.weed.de/apotheke/park-apotheke-stuttgart
Markgrafen Apotheke Ansbach,"Nürnberger Str. 34, 91522, Ansbach",No,N/A,https://www.weed.de/apotheke/markgrafen-apotheke
St. Ursula Apotheke,"Münchner Freiheit 8, 80802, München",No,N/A,https://www.weed.de/apotheke/st-ursula-apotheke-1
Taunus-Blüten,"Marktplatz 17, 61250, Usingen",No,N/A,https://www.weed.de/apotheke/amts-apotheke
Widder Apotheke,"Wittener Straße 13, 42277, Wuppertal",No,N/A,https://www.weed.de/apotheke/widder-apotheke
Karlchengras (Karl-Apotheke),"Karlstraße 18, 76133, Karlsruhe",No,N/A,https://www.weed.de/apotheke/karlchengras
Insel Apotheke,"Marienstraße 1, 89231, Neu-Ulm",No,N/A,https://www.weed.de/apotheke/insel-apotheke
Süd-Apotheke,"Hammer Straße 101, 48153, Münster",No,N/A,https://www.weed.de/apotheke/sued-apotheke
medicalherbs.de - Vital Apotheke Dresden,"Leipziger Straße 40, 01127, Dresden",No,N/A,https://www.weed.de/apotheke/medicalherbs-vital-apotheke-dresden
Park-Apotheke,"Stembergstraße 14, 59755, Arnsberg",No,N/A,https://www.weed.de/apotheke/park-apotheke
Drei Hasen Apotheke - higreen!,"Westernstraße 27, 33098, Paderborn",No,N/A,https://www.weed.de/apotheke/higreen-drei-hasen-apotheke
Stern Apotheke - higreen!,"Heimbrügge 3, 44359, Dortmund",No,N/A,https://www.weed.de/apotheke/higreen-stern-apotheke
higreen! - Röntgen Apotheke,"Altendorfer Straße 299A, 45143, Essen",No,N/A,https://www.weed.de/apotheke/higreen-roentgen-apotheke
higreen! - Erftland Apotheke,"Kerpener Straße 32-34, 50170, Kerpen",No,N/A,https://www.weed.de/apotheke/higreen-erftland-apotheke
falken-Apotheke,"Wallensteinstraße 23D, 30459, Hannover",No,N/A,https://www.weed.de/apotheke/falken-apotheke-2
canvita - Vita Apotheke,"Schivelbeiner Straße 33, 10439, Berlin",No,N/A,https://www.weed.de/apotheke/canvita
MyMediWeed | Burger Apotheke,"Bundesallee 92, 12161, Berlin",No,N/A,https://www.weed.de/apotheke/burger-apotheke
Augusta Apotheke,"Bahnhofstraße 29, 86150, Augsburg",No,N/A,https://www.weed.de/apotheke/augusta-apotheke
Arkaden-Apotheke,"Ritterbrunnen 1, 38100, Braunschweig",No,N/A,https://www.weed.de/apotheke/arkaden-apotheke
Marien Apotheke,"Kupferstraße 1, 85049, Ingolstadt",No,N/A,https://www.weed.de/apotheke/marien-apotheke-3
Oberschwaben Cannabis Goetzsche Apotheke,"Sigmaringer Straße 8, 88356, Ostrach",No,N/A,https://www.weed.de/apotheke/goetzsche-apotheke
Witzleben Apotheke 24,"Kaiserdamm 24, 14057, Berlin",No,N/A,https://www.weed.de/apotheke/witzleben-apotheke-24-1
antares-apotheke Struensee-Haus,"Mörkenstraße 43-47, 22767, Hamburg",No,N/A,https://www.weed.de/apotheke/antares-apotheke-struensee-haus
Fox20,"München, Deutschland, München",No,N/A,https://www.weed.de/apotheke/fox2
Apotheke am Berliner-Tor-Platz,"Wallstraße 4, 46483, Wesel",No,N/A,https://www.weed.de/apotheke/apotheke-am-berliner-tor-platz-1
Apotheke am Bahnhof,"Bahnhofstraße 6, 79189, Bad Krozingen",No,N/A,https://www.weed.de/apotheke/apotheke-am-bahnhof-3
Klindwort Apotheke am Strand,"Strandallee 94A, 23669, Timmendorfer Strand",No,N/A,https://www.weed.de/apotheke/klindwort-apotheke-am-strand
Medicon Apotheke,"Forum 1, 90547, Stein",No,N/A,https://www.weed.de/apotheke/medicon-apotheke-1
Martinus Apotheke,"Martinstraße 23, 57462, Olpe",No,N/A,https://www.weed.de/apotheke/martinus-apotheke
Schwarzwald Vital Apotheke,"Bismarckstraße 53, 76571, Gaggenau",No,N/A,https://www.weed.de/apotheke/schwarzwald-vital-apotheke
Cannabis Apotheken Dr. Engelmann,"Markt 7, 50321, Brühl",No,N/A,https://www.weed.de/apotheke/cannabis-apotheken-engelmann
Preussen Apotheke Spandau,"Carl-Schurz-Straße 29, 13597, Berlin",No,N/A,https://www.weed.de/apotheke/preussen-apotheke-spandau
Rhein-Apotheke im Ärztehaus Mühlburg,"Rheinstraße 41, 76185, Karlsruhe",No,N/A,https://www.weed.de/apotheke/rhein-apotheke-im-aerztehaus-muehlburg
Hohenzollern Apotheke am Ring,"Hohenzollernring 59, 48145, Münster",No,N/A,https://www.weed.de/apotheke/hohenzollern-apotheke
Klindwort-Apotheken OHG,"Lübecker Straße 18-20, 23611, Bad Schwartau",No,N/A,https://www.weed.de/apotheke/klindwort-apotheken-ohg
Rosen Apotheke | Grünes Paket,"Frankfurter Straße 59A, 36043, Fulda",No,N/A,https://www.weed.de/apotheke/gruenes-paket
cannabis4me,"Hauptstraße 107, 53474, Bad Neuenahr-Ahrweiler",No,N/A,https://www.weed.de/apotheke/cannabis4me
Flora-Apotheke Schwalbe-Zentrum,"Uhlandstraße 1, 08412, Werdau",No,N/A,https://www.weed.de/apotheke/flora-apotheke-schwalbe-zentrum
Apotheke Friesentor - CannaColonia,"Hohenzollernring 52, 50672, Köln",No,N/A,https://www.weed.de/apotheke/apotheke-friesentor-cannacolonia
CannaMontana (Livus Apotheke),"Berliner Ring 151, 64625, Bensheim",No,N/A,https://www.weed.de/apotheke/cannamontana-livus-apotheke
Park Apotheke / Rhein-Main-Cannabis,"Sonnenberger Straße 68, 65193, Wiesbaden",No,N/A,https://www.weed.de/apotheke/park-apotheke-1
Rosen-Apotheke,"Friedrichplatz, 03149, Forst (Lausitz)",No,N/A,https://www.weed.de/apotheke/rosen-apotheke-1
Kristall Apotheke Hürth Park,"Hürth Park 19, 50354, Hürth",No,N/A,https://www.weed.de/apotheke/kristall-apotheke-huerth-park
Bernhardus Apotheke,"Rheinstraße 9, 76532, Baden-Baden",No,N/A,https://www.weed.de/apotheke/bernhardus-apotheke
Cannasana,"Hohe Börde-Eichenbarleben, Deutschland, 39167, Hohe Börde",No,N/A,https://www.weed.de/apotheke/hirsch-apotheke-1
Grüne Blüte,"Magdeborner Straße 14, 04416, Markkleeberg",No,N/A,https://www.weed.de/apotheke/gruene-bluete
Paracelsus Apotheke (Cannabis Caesar),"Friedensstraße 55a, 51147, Köln",No,N/A,https://www.weed.de/apotheke/paracelsus-apotheke-cannabis-caesar
Cannabis Apotheke Nord,"Haart 87-89, 24534, Neumünster",No,N/A,https://www.weed.de/apotheke/cannabisapothekenord
Apotheke Forum Schwanthalerhöhe,"Schwanthalerstraße 111, 80339, München",No,N/A,https://www.weed.de/apotheke/apotheke-forum-schwanthalerhoehe
Rosen-Apotheke (SativaMedics),"Neuwied, 56564 Neuwied, Deutschland, 56564, Neuwied",No,N/A,https://www.weed.de/apotheke/rosen-apotheke-2
Farma Plus Apotheke Im Rolandshaus,"Steinfeldstraße 4, 52222, Stolberg",No,N/A,https://www.weed.de/apotheke/farma-plus-apotheke-im-rolandshaus
Neckar Apotheke,"Mittelstraße 16, 68169, Mannheim",No,N/A,https://www.weed.de/apotheke/neckar-apotheke
Rossi Apotheke,"Engelstraße 41, 76437, Rastatt",No,N/A,Not available (not a partner)
Paulin-Apotheke,"Paulinstraße 88, 54292, Trier",No,N/A,Not available (not a partner)
Kapuziner Apotheke,"Hauptstr. 28, 91315, Höchstadt",No,N/A,Not available (not a partner)
Burg Apotheke,"Obertorstr. 18, 91781, Weißenburg",No,N/A,Not available (not a partner)
Engel Apotheke,"Marktstraße 90, 76829, Landau",No,N/A,Not available (not a partner)
Apotheke am Rathaus,"Sielminger Hauptstr. 29, 70794, Filderstadt",No,N/A,Not available (not a partner)
Marien Apotheke,"Hauptstr. 22, 83313, Siegsdorf",No,N/A,Not available (not a partner)
Eversbusch Apotheke,"Eversbuschstr. 92, 80999, München",No,N/A,Not available (not a partner)
Markt Apotheke,"Am Alten Markt 7, 66849, Landstuhl",No,N/A,Not available (not a partner)
Apotheke Lux 99,"An der Hasenkaule 10, 50354, Hürth",No,N/A,Not available (not a partner)
Dr. Scheltdorf Apotheken OHG Apotheke Neue Stadtmitte,"Brennerstr. 1, 71229, Leonberg",No,N/A,Not available (not a partner)
Bock Apotheke,"Leipziger Str. 71, 60487, Frankfurt am Main",No,N/A,Not available (not a partner)
Europa Apotheke,"O 7, 9, 68161, Mannheim",No,N/A,Not available (not a partner)
Bären Apotheke,"Gartenstr. 86, 72108, Rottenburg",No,N/A,Not available (not a partner)
Apotheke am Amtsgericht,"Ostlandstr. 1, 23758, Oldenburg",No,N/A,Not available (not a partner)
Kreuzberg Apotheke,"Brüder-Grimm-Allee 2, 37075, Göttingen",No,N/A,Not available (not a partner)
City Apotheke,"Gräfenaustraße 23, 67063, Ludwigshafen",No,N/A,Not available (not a partner)
Dreitorspitz-Apotheke Guggemoos Apotheken oHG,"Hauptstr. 75, 82467, Garmisch-Partenkirchen",No,N/A,Not available (not a partner)
Markt Apotheke Linden,"Lindener Marktplatz 2, 30449, Hannover",No,N/A,Not available (not a partner)
Apotheke St. Marien - Käfer Apotheken OHG Johann Strobl Käfer Apotheken OHG,"Marienstr. 6, 92224, Amberg",No,N/A,Not available (not a partner)
Apotheke am Inselpark,"Neuenfelder Straße 31, 21109, Hamburg",No,N/A,Not available (not a partner)
St.Thomas Apotheke,"Pfeilschifterstr. 52, 80997, München",No,N/A,Not available (not a partner)
Wittelsbacher-Apotheke,"Lindwurmstr. 97, 80337, München",No,N/A,Not available (not a partner)
Brücken Apotheke,"Ulmer Str. 55, 89537, Giengen an der Brenz",No,N/A,Not available (not a partner)
Rathaus-Apotheke,"Hauptstraße 12-18, 91757, Treuchtlingen",No,N/A,Not available (not a partner)
Rumford Apotheke,"Reichenbachstr. 9, 80469, München",No,N/A,Not available (not a partner)
Friedrich Apotheke,"Friedrichstr. 12, 90762, Fürth",No,N/A,Not available (not a partner)
Sebastian Apotheke,"Gewerbegebiet Nord 2, 93105, Tegernheim",No,N/A,Not available (not a partner)
Süd-Apotheke,"Hammer Str. 101, 48153, Münster",No,N/A,Not available (not a partner)
Greifen-Apotheke,"Marktplatz 10, 91781, Weissenburg",No,N/A,Not available (not a partner)
Elvira Apotheke,"Nymphenburger Str. 81, 80636, München",No,N/A,Not available (not a partner)
Burg-Apotheke,"Breslauer Str. 36, 90559, Burgthann",No,N/A,Not available (not a partner)
Dreikönig Apotheke,"Eppsteiner Str. 47, 67227, Frankenthal",No,N/A,Not available (not a partner)
St.Rochus-Apotheke,"Bahnhofsallee 8, 32839, Steinheim",No,N/A,Not available (not a partner)
Falken Apotheke,"Lange Rötterstr. 5, 68167, Mannheim",No,N/A,Not available (not a partner)
St.Jakobs Apotheke,"Bürgermeister-Franz-Ditsch-Str. 5, 86931, Prittriching",No,N/A,Not available (not a partner)
Markenbildchen Apotheke,"Markenbildchenweg 6, 56068, Koblenz",No,N/A,Not available (not a partner)
Dr. Beckers Central Apotheke,"Stachus Einkaufs-Zentrum 11, 80335, München",No,N/A,Not available (not a partner)
St. Antonius Apotheke,"Bahnhofstr. 13b, 91126, Rednitzhembach",No,N/A,Not available (not a partner)
Westend Apotheke OHG Ulrike Strehl und Philipp Böhmer,"Rotebühlstr. 104, 70178, Stuttgart",No,N/A,Not available (not a partner)
Ludwigs Apotheke,"Ulmer Str. 8, 86154, Augsburg",No,N/A,Not available (not a partner)
BezirksApotheke,"Rathausstraße 5, 10178, Berlin",No,N/A,Not available (not a partner)
City-Apotheke,"Neue Donnerschweer Str. 30, 26123, Oldenburg",No,N/A,Not available (not a partner)
Apotheke am Bunzlauer Platz,"Bunzlauer Platz 7, 80992, München",No,N/A,Not available (not a partner)
Alte Apotheke 1691,"Bongardstr. 29, 44787, Bochum",No,N/A,Not available (not a partner)
Apotheke am Burgerfeld,"Pfarrer-Neumair-Str. 3, 83512, Wasserburg am Inn",No,N/A,Not available (not a partner)
Turm Apotheke,"Auf der Spiegelbrücke 1, 37115, Duderstadt",No,N/A,Not available (not a partner)
Apotheke im Franziskanerhof,"Franziskanerstr. 16, 81669, München",No,N/A,Not available (not a partner)
Lech Apotheke,"Hubert-von-Herkomerstraße 111, 86899, Landsberg",No,N/A,Not available (not a partner)
Vita Apotheke,"Heußweg 37, 20255, Hamburg",No,N/A,Not available (not a partner)
apondium Cannabis,"Himmelgeister Str. 106, 40225, Düsseldorf",No,N/A,Not available (not a partner)
Theisstal-Apotheke,"Bahnhofstraße 25, 65527, Niedernhausen",No,N/A,Not available (not a partner)
Ertelt Apotheken,"Heidelbergstraße 22, 72406, Bisingen",No,N/A,Not available (not a partner)
Medicon Apotheken,"Hefnerspl. 3, 90402, Nürnberg",No,N/A,Not available (not a partner)
Medicon Apotheken,"Pödeldorfer Straße 142, 96050, Bamberg",No,N/A,Not available (not a partner)
Apotheke am Bügel,"Ben-Gurion-Ring 54, 60437, Frankfurt",No,N/A,Not available (not a partner)
Kissel-Apotheke,"Mörfelder Landstraße 235, 60598, Frankfurt",No,N/A,Not available (not a partner)
Helios Apotheke,"Bahnhofstr. 26, 82515, Wolfratshausen",No,N/A,Not available (not a partner)
Roland Apotheke,"Ostwall 242, 47798, Krefeld",No,N/A,Not available (not a partner)
Apotheke am Questerhof,"Berrenrather Straße 296, 50937, Köln",No,N/A,Not available (not a partner)
Stern Apotheke,"Würzburger Str. 20, 97215, Uffenheim",No,N/A,Not available (not a partner)
Stern Apotheke Augsburg,"Maximilianstr. 27, 86150, Augsburg",No,N/A,Not available (not a partner)
Centro Apotheke,"Spitalerstraße 7, 20095, Hamburg",No,N/A,Not available (not a partner)
Salus Apotheke,"Industriestraße 11, 84030, Ergolding",No,N/A,Not available (not a partner)
Apotheker Bayer,"Juliuspromenade 58 , 97070, Würzburg",No,N/A,Not available (not a partner)
Activ Apotheke Essen,"Berthold-Beitz-Boulevard 496, 45141, Essen",No,N/A,Not available (not a partner)
Medicon Apotheke,"Wölckernstr. 5, 90459, Nürnberg",No,N/A,Not available (not a partner)
Westgate Apotheke,"Habsburgerring 2, 50674, Köln",No,N/A,Not available (not a partner)
Michaeli Apotheke,"Gaißach, Deutschland, 83674, Gaißach",No,N/A,Not available (not a partner)
